{"schemaVersion":"1.0","appDefinitionTemplate":{"id":"/providers/Microsoft.PowerApps/apps/","type":"Microsoft.PowerApps/apps","tags":{"minimumRequiredApiVersion":"2.2.0","primaryDeviceWidth":"640","primaryDeviceHeight":"1136","sienaVersion":"20200228T124333Z-3.20022.19.0","deviceCapabilities":"","supportsPortrait":"true","supportsLandscape":"false","primaryFormFactor":"Phone","publisherVersion":"3.20022.19","hasComponent":"false","hasUnlockedComponent":"false"},"properties":{"appVersion":"2020-02-28T12:43:33Z","lifeCycleId":"Published","createdByClientVersion":{"major":3,"minor":20022,"build":19,"revision":0,"majorRevision":0,"minorRevision":0},"minClientVersion":{"major":3,"minor":20022,"build":19,"revision":0,"majorRevision":0,"minorRevision":0},"backgroundColor":"rgba(0, 176, 240, 1)","backgroundImageUri":"/9058629638842833596/Nb1e20982-d55c-4e58-a6bd-7e9fe9280f22-logoSmallFile","displayName":"Associate Insights","description":"","commitMessage":"Final version","appUris":{"documentUri":{"value":"/9058629638842833596/N4702403f-55bf-44ee-89a5-22248d41ae66-document.msapp","readonlyValue":"/9058629638842833596/N4702403f-55bf-44ee-89a5-22248d41ae66-document.msapp"},"imageUris":[]},"createdTime":"0001-01-01T00:00:00Z","lastModifiedTime":"0001-01-01T00:00:00Z","sharedGroupsCount":0,"sharedUsersCount":0,"icons":{"smallIconUri":"/9058629638842833596/N4105db92-e8ae-46c9-b55a-eab9948dbd78-small.png","mediumIconUri":"/9058629638842833596/Nc02ed3a9-d578-423c-ab7b-e3ef3d9392b2-medium.png","largeIconUri":"/9058629638842833596/N1ab60712-1666-403b-8e81-c0d62e4b483f-large.png","wideIconUri":"/9058629638842833596/Nf1e21d98-d578-42d5-b283-55d32b9342a8-wide.png"},"connectionReferences":{"4283cbef-3087-4e93-ad9f-909813c7b120":{"id":"676822ab-90f7-4d64-b5e0-84b82b27426a","displayName":"SharePoint","iconUri":"https://connectoricons-prod.azureedge.net/sharepointonline/icon_1.0.1299.1858.png","dataSources":["AppConfigurations","Customer Type","Product Feedback","Product List","Store List","Topic List"],"dependencies":[],"dependents":[],"parameterHints":{},"isOnPremiseConnection":false,"bypassConsent":false,"dataSets":{"https://m365x002616.sharepoint.com/sites/TestingAssociateInsights9":{"dataSources":{"AppConfigurations":{"tableName":"404f754a-c2d0-4abc-aaa9-31fa93452104"},"Customer Type":{"tableName":"c47736b6-997f-4338-b661-a5d25c74dbc8"},"Product Feedback":{"tableName":"c29c0897-5aa3-4ffb-b26f-7bdfd22fd30a"},"Product List":{"tableName":"d7bf621a-534f-4d12-be1f-387cf64e6977"},"Store List":{"tableName":"72c94d37-203c-4e19-ae52-4043fed0c3fe"},"Topic List":{"tableName":"194d9c12-9d16-42c3-aa76-d1699ae8753f"}}}},"apiTier":"Standard","isCustomApiConnection":false}},"databaseReferences":{},"almMode":"Environment","performanceOptimizationEnabled":false,"canConsumeAppPass":true},"isAppComponentLibrary":false,"appComponents":[]}}