{"schemaVersion":"1.0","appDefinitionTemplate":{"id":"/providers/Microsoft.PowerApps/apps/","type":"Microsoft.PowerApps/apps","tags":{"minimumRequiredApiVersion":"2.2.0","primaryDeviceWidth":"640","primaryDeviceHeight":"1136","sienaVersion":"20200225T155329Z-3.20023.0.0","deviceCapabilities":"","supportsPortrait":"true","supportsLandscape":"false","primaryFormFactor":"Phone","publisherVersion":"3.20023.0","hasComponent":"false","hasUnlockedComponent":"false"},"properties":{"appVersion":"2020-02-25T15:53:29Z","lifeCycleId":"Published","createdByClientVersion":{"major":3,"minor":20023,"build":0,"revision":0,"majorRevision":0,"minorRevision":0},"minClientVersion":{"major":3,"minor":20023,"build":0,"revision":0,"majorRevision":0,"minorRevision":0},"backgroundColor":"rgba(0, 176, 240, 1)","backgroundImageUri":"/14600191456807074678/N7de7b794-e25f-4c88-a8f8-2137f039eb06-logoSmallFile","displayName":"Associate Insights","description":"","commitMessage":"Latest app UI","appUris":{"documentUri":{"value":"/14600191456807074678/N1a0f5111-b450-4458-b0df-40b7cb8d7da0-document.msapp","readonlyValue":"/14600191456807074678/N1a0f5111-b450-4458-b0df-40b7cb8d7da0-document.msapp"},"imageUris":[]},"createdTime":"0001-01-01T00:00:00Z","lastModifiedTime":"0001-01-01T00:00:00Z","sharedGroupsCount":0,"sharedUsersCount":0,"icons":{"smallIconUri":"/14600191456807074678/N15505305-eeed-4cf5-ab04-fa30fd9ab98c-small.png","mediumIconUri":"/14600191456807074678/Nd56f64ca-0c79-4535-9b07-2c23d09cb73b-medium.png","largeIconUri":"/14600191456807074678/Nae36a8e2-3196-45e5-b10d-743be061d530-large.png","wideIconUri":"/14600191456807074678/Nf5a8a44d-25fe-430b-97d1-b7086408a345-wide.png"},"connectionReferences":{"31382783-f3e9-4409-a73a-e9e61e229ca1":{"id":"68663f01-f145-4351-82f6-6d4b4972329e","displayName":"SharePoint","iconUri":"https://connectoricons-prod.azureedge.net/sharepointonline/icon_1.0.1299.1858.png","dataSources":["AppConfigurations","Customer Type","Product Feedback","Product List","Store List","Topic List"],"dependencies":[],"dependents":[],"parameterHints":{},"isOnPremiseConnection":false,"bypassConsent":false,"dataSets":{"https://microsoftapc.sharepoint.com/teams/FirstWithFlow":{"dataSources":{"AppConfigurations":{"tableName":"736bea09-0771-4a42-83b5-a5fe7b052310"},"Customer Type":{"tableName":"2bd379aa-09b5-4114-bd13-c67685f7be70"},"Product Feedback":{"tableName":"85e7074a-e966-4432-ae61-628ff8b81453"},"Product List":{"tableName":"f170043f-f554-45c7-9db7-924b251bf58f"},"Store List":{"tableName":"0eae1f09-3626-46d5-9023-f190c07ba0fb"},"Topic List":{"tableName":"5dfba1d5-67c1-454f-bb3a-93fae3ca5be4"}}}},"apiTier":"Standard","isCustomApiConnection":false}},"databaseReferences":{},"almMode":"Environment","performanceOptimizationEnabled":false,"canConsumeAppPass":true},"isAppComponentLibrary":false,"appComponents":[]}}