{"schemaVersion":"1.0","appDefinitionTemplate":{"id":"/providers/Microsoft.PowerApps/apps/","type":"Microsoft.PowerApps/apps","tags":{"minimumRequiredApiVersion":"2.2.0","primaryDeviceWidth":"640","primaryDeviceHeight":"1136","sienaVersion":"20210701T145034Z-3.21062.38.0","deviceCapabilities":"","supportsPortrait":"true","supportsLandscape":"false","primaryFormFactor":"Phone","publisherVersion":"3.21062.38","hasComponent":"false","hasUnlockedComponent":"false","isUnifiedRootApp":"false"},"properties":{"appVersion":"2021-07-01T14:50:34Z","lifeCycleId":"Published","createdByClientVersion":{"major":3,"minor":21062,"build":38,"revision":0,"majorRevision":0,"minorRevision":0},"minClientVersion":{"major":3,"minor":21062,"build":38,"revision":0,"majorRevision":0,"minorRevision":0},"backgroundColor":"rgba(0, 176, 240, 1)","backgroundImageUri":"/8868555402781555724/Ncd6b73bc-af10-4522-96e1-f18a63be8f1f-logoSmallFile","displayName":"Associate Insights","description":"","commitMessage":"","appUris":{"documentUri":{"value":"/8868555402781555724/Nda593449-cea6-46bf-999d-dc5bd0272915-document.msapp"},"imageUris":[]},"createdTime":"0001-01-01T00:00:00Z","lastModifiedTime":"0001-01-01T00:00:00Z","sharedGroupsCount":0,"sharedUsersCount":0,"icons":{"smallIconUri":"/8868555402781555724/N2ba15391-6da9-446a-9afd-c1cfb8a31ad9-small.png","mediumIconUri":"/8868555402781555724/N49a1bcad-6a7d-40cf-9130-bb5e7255e7a8-medium.png","largeIconUri":"/8868555402781555724/N00e186cd-1b2b-4204-8211-fd7be9d78114-large.png","wideIconUri":"/8868555402781555724/N64d82b77-4ae1-4dbe-b41d-db97aca33121-wide.png"},"connectionReferences":{"d96bb09b-bc3c-488c-a03b-d93b9eae644b":{"id":"9f7f869f-0697-4958-a9cb-fb6569c22f1e","displayName":"SharePoint","iconUri":"https://connectoricons-prod.azureedge.net/releases/v1.0.1472/1.0.1472.2427/sharepointonline/icon.png","dataSources":["AppConfigurations","Customer Type","Product Feedback","Product List","Store List","Topic List"],"dependencies":[],"dependents":[],"parameterHints":{},"parameterHintsV2":{},"isOnPremiseConnection":false,"bypassConsent":false,"dataSets":{"https://m365x881152.sharepoint.com/sites/NewTeamSan":{"dataSources":{"AppConfigurations":{"tableName":"568e8452-98c1-48c9-a366-39e0c9a0e4f9"},"Customer Type":{"tableName":"d8fb302d-4080-4a39-b7ca-52d707ba5a1e"},"Product Feedback":{"tableName":"874c844e-258e-4f5d-93f0-24681bab297a"},"Product List":{"tableName":"afa954ae-568f-4b3f-bae4-908a160eb3ec"},"Store List":{"tableName":"20dd3c86-ec2d-4283-8d7a-42e13ca37cc4"},"Topic List":{"tableName":"7207a43c-89ee-47b8-9464-b05949626c02"}}}},"apiTier":"Standard","isCustomApiConnection":false}},"databaseReferences":{},"almMode":"Environment","performanceOptimizationEnabled":false,"canConsumeAppPass":true,"executionRestrictions":{"isTeamsOnly":false,"dataLossPreventionEvaluationResult":{"status":"Compliant","lastEvaluationDate":"2020-12-21T15:24:19.8951947Z","violationDetails":[]}}},"appType":"ClassicCanvasApp","appComponents":[]}}