{"schemaVersion":"1.0","appDefinitionTemplate":{"id":"/providers/Microsoft.PowerApps/apps/","type":"Microsoft.PowerApps/apps","tags":{"minimumRequiredApiVersion":"2.2.0","primaryDeviceWidth":"640","primaryDeviceHeight":"1136","sienaVersion":"20200302T150455Z-3.20022.19.0","deviceCapabilities":"","supportsPortrait":"true","supportsLandscape":"false","primaryFormFactor":"Phone","publisherVersion":"3.20022.19","hasComponent":"false","hasUnlockedComponent":"false"},"properties":{"appVersion":"2020-03-02T15:04:55Z","lifeCycleId":"Published","createdByClientVersion":{"major":3,"minor":20022,"build":19,"revision":0,"majorRevision":0,"minorRevision":0},"minClientVersion":{"major":3,"minor":20022,"build":19,"revision":0,"majorRevision":0,"minorRevision":0},"backgroundColor":"rgba(0, 176, 240, 1)","backgroundImageUri":"/2410982503972435851/N57c132df-4cf9-47fa-82a7-e2b62e9a8b7a-logoSmallFile","displayName":"Associate Insights","description":"","commitMessage":"Final","appUris":{"documentUri":{"value":"/2410982503972435851/N8923a34f-9b36-453f-bcf6-26588814fccf-document.msapp","readonlyValue":"/2410982503972435851/N8923a34f-9b36-453f-bcf6-26588814fccf-document.msapp"},"imageUris":[]},"createdTime":"0001-01-01T00:00:00Z","lastModifiedTime":"0001-01-01T00:00:00Z","sharedGroupsCount":0,"sharedUsersCount":0,"icons":{"smallIconUri":"/2410982503972435851/N8300f9f8-b539-41bc-9449-d729f596a76f-small.png","mediumIconUri":"/2410982503972435851/Nf8134dd9-9f50-4032-b34e-4bd7494ed340-medium.png","largeIconUri":"/2410982503972435851/Nbf7f382b-66ed-4e29-8b4e-ee3155d2b913-large.png","wideIconUri":"/2410982503972435851/N7aff5476-42ee-4506-918c-479f2afe0cfb-wide.png"},"connectionReferences":{"ebb29c9a-3888-42d3-91b5-706487284e76":{"id":"38437675-c0da-4c18-aba4-acf76244b710","displayName":"SharePoint","iconUri":"https://connectoricons-prod.azureedge.net/sharepointonline/icon_1.0.1299.1858.png","dataSources":["AppConfigurations","Customer Type","Product Feedback","Product List","Store List","Topic List"],"dependencies":[],"dependents":[],"parameterHints":{},"isOnPremiseConnection":false,"bypassConsent":false,"dataSets":{"https://m365x357260.sharepoint.com/sites/AssociateInsights":{"dataSources":{"AppConfigurations":{"tableName":"35962ab4-191f-41b7-9838-ded33d2176f8"},"Customer Type":{"tableName":"cb5cf482-0aad-46ff-b9c5-cf75e31e51d7"},"Product Feedback":{"tableName":"9e122ce4-0bef-4298-8769-c007bf87d271"},"Product List":{"tableName":"51075110-cc4b-4eb7-a31d-edf68d537574"},"Store List":{"tableName":"407032e4-4907-4784-842a-34a13eaafcc6"},"Topic List":{"tableName":"4b3c213b-299c-481e-a503-90bd594851de"}}}},"apiTier":"Standard","isCustomApiConnection":false}},"databaseReferences":{},"almMode":"Environment","performanceOptimizationEnabled":false,"canConsumeAppPass":true},"isAppComponentLibrary":false,"appComponents":[]}}